{
  "version": 1,
  "author": "Sara Tahzima",
  "editor": "wokwi",
  "parts": [
    { "type": "board-esp32-devkit-c-v4", "id": "esp", "top": 76.8, "left": -23.96, "attrs": {} },
    {
      "type": "wokwi-lcd1602",
      "id": "lcd1",
      "top": -108.8,
      "left": -90.4,
      "attrs": { "pins": "i2c" }
    }
  ],
  "connections": [
    [ "esp:TX", "$serialMonitor:RX", "", [] ],
    [ "esp:RX", "$serialMonitor:TX", "", [] ],
    [ "esp:3V3", "lcd1:VCC", "green", [ "h-115.05", "v-172.8" ] ],
    [ "esp:GND.2", "lcd1:GND", "black", [ "v-9.6", "h163.2", "v-230.4", "h-355.2", "v9.6" ] ],
    [ "esp:22", "lcd1:SCL", "green", [ "h57.6", "v201.6", "h-240", "v-374.4", "h19.2" ] ],
    [ "esp:21", "lcd1:SDA", "green", [ "h86.4", "v-105.6", "h-278.4", "v-105.6" ] ]
  ],
  "dependencies": {}
}