{
  "version": 1,
  "author": "Sara Tahzima",
  "editor": "wokwi",
  "parts": [
    { "type": "wokwi-breadboard-half", "id": "bb1", "top": -108.6, "left": -35.6, "attrs": {} },
    { "type": "board-esp32-devkit-c-v4", "id": "esp", "top": 19.2, "left": 312.04, "attrs": {} },
    {
      "type": "wokwi-pushbutton",
      "id": "btn1",
      "top": -19.3,
      "left": 51.5,
      "rotate": 90,
      "attrs": { "color": "green", "xray": "1" }
    }
  ],
  "connections": [
    [ "esp:TX", "$serialMonitor:RX", "", [] ],
    [ "esp:RX", "$serialMonitor:TX", "", [] ],
    [ "btn1:1.l", "bb1:12t.d", "", [ "$bb" ] ],
    [ "btn1:2.l", "bb1:10t.d", "", [ "$bb" ] ],
    [ "btn1:1.r", "bb1:12b.i", "", [ "$bb" ] ],
    [ "btn1:2.r", "bb1:10b.i", "", [ "$bb" ] ],
    [ "esp:13", "bb1:10b.j", "green", [ "h-239.85", "v-134.4" ] ],
    [ "bb1:12t.c", "esp:GND.2", "green", [ "v-28.8", "h384", "v105.6" ] ]
  ],
  "dependencies": {}
}